track_id,track_name,popularity,playlist_id,danceability,energy,acousticness,valence,tempo
4f13AaRyukUTWleyKXaRDh,Smoke Filled Room,59,0,0.574,0.731,0.024,0.393,127.925
3bNopejTiuFxDpB7CZhaRX,Almost Famous,34,0,0.699,0.521,0.0339,0.0906,124.051
0CAfXk7DXMnon4gLudAp7J,Low (feat T-Pain),73,0,0.918,0.609,0.0928,0.304,128.008
5v54ZQ0glzbB9XUPTaX0cj,Apollo - Radio Edit,49,0,0.56,0.742,0.015,0.27,128.06
5sYzg83Vy4IW4TfE9jwk8g,Invincible - Radio Edit,49,0,0.613,0.775,0.00678,0.385,127.906
6cArqaQns9tmQ7fdHTYvzi,Drifting,36,0,0.543,0.758,0.00279,0.372,134.975
7lLChLp64BrRm40WATYPrE,Light Up the Sky (feat. Dani Ummel),34,0,0.607,0.845,0.000634,0.375,120.084
22qUyTlEvJf6DAlyQjMADe,Leaving You - Radio Edit,57,0,0.638,0.74,0.0214,0.465,128.045
6vscP7Fweq7fwosyliwjRq,I Love It When You Cry (Moxoki) - Radio Edit,63,0,0.639,0.795,0.0246,0.438,128.013
3dnM2j3WBCn2biJgiuxhnB,Big Rings,43,0,0.642,0.676,0.00219,0.293,132.011
4uhRGMvNy1BYoiJByEHL93,We Come Running - Tiësto Remix,30,0,0.664,0.768,0.00101,0.248,124.971
4sK96UnGx3NjBaqvfTG2dm,Too Close,61,0,0.579,0.731,0.0137,0.289,126.07
0aBDrRTgDCwWbcOnEIp7DJ,Many Ways - Radio Edit,34,0,0.581,0.64,0.0266,0.283,128.001
66DCmRl5lc7TMH1Et6XaSW,Maad City,4,0,0.796,0.55,0.00309,0.333,134.183
6X0WsSsMMwam5AzVxlUUzo,Liberate,51,0,0.515,0.877,0.0024,0.444,126.996
0hAR6VcN5P1klbHiZmDMJc,It's Time - Original Mix,0,0,0.744,0.806,0.00774,0.468,130.037
7qTQcwir9OphuMh623yAP5,The Birds Pt. 1,36,0,0.574,0.667,0.031,0.22,127.854
4J3MSIOc9iRKlLjMIz86eq,Here Again (feat. Veela),35,0,0.73,0.553,0.0359,0.294,128.055
12g1tPYQQOsRVi0ubtea0k,Uptown - Album Version (Edited),36,0,0.547,0.787,0.00336,0.368,128.293
06BkD3JPBMXJ4xijGrkNzE,Earthquake,43,0,0.396,0.809,0.00409,0.397,125.294
40Fp6pxcS9l08kL1R50mR4,First Time,45,0,0.441,0.949,4.44e-05,0.447,130.817
5ujmAC6yp9J29zNnq6BE5i,Alchemy,39,0,0.578,0.69,0.0304,0.252,129.919
65hRZOQkVjmBdusz1N7aOv,Save the World - Radio Mix,63,0,0.507,0.665,0.0144,0.406,126.879
23lZqTIkHXJZBrDA4ZDWBz,Flash X (Said The Sky Remix),41,0,0.667,0.545,0.0242,0.169,127.979
0IkKz2J93C94Ei4BvDop7P,Party Rock Anthem,61,0,0.739,0.725,0.0235,0.345,130.024
3ezkJgagRPZ39KCTrKcSI7,Ghosts 'n' Stuff,59,0,0.611,0.613,4.73e-05,0.454,127.979
4CT0sNfZF2h3f7YlWxLpmd,Dead And Gone - feat. Justin Timberlake,30,0,0.712,0.748,0.0458,0.405,135.0
5brviRvO3ZIDvdF0dED9wC,Bad Wings,50,0,0.631,0.684,0.0138,0.23,129.961
0YzCQcsgj6KqwBHVx1mZrH,Heroes (we could be),55,0,0.509,0.752,0.0334,0.355,125.87
6Wx88Mv6b9ofjKMKkdwOJd,New Divide,63,0,0.493,0.808,0.000235,0.369,117.971
2KNsflubHgQQJJ1KEGvFNv,Avaritia,40,0,0.756,0.727,0.0229,0.0316,128.025
5pVk15sR3OgIeKBKqG9jWw,Years - Radio Edit,51,0,0.377,0.825,0.00198,0.333,127.94
4h8VwCb1MTGoLKueQ1WgbD,Wake Me Up,69,0,0.518,0.784,0.00346,0.609,124.102
2U8g9wVcUu9wsg6i7sFSv8,Every Teardrop Is a Waterfall,67,0,0.425,0.733,0.00193,0.319,117.985
0DIekYoiwwr1kkTUGmQlSL,Strobe - Radio Edit,54,0,0.656,0.662,8.12e-05,0.0748,128.022
1dFkD1JfRMzwO6hwUsE8aS,Spectrum,58,0,0.616,0.795,0.0204,0.49,129.93
3gGwor936FHfDVaNNlGYwl,Hysteria,46,0,0.565,0.694,0.00315,0.46,128.022
11aaEsw25frPMj9hszZy2q,Find Yourself - Radio Edit,47,0,0.57,0.596,0.000764,0.378,134.967
3CeYdUfGPCjKMDYyI1PpCh,Otherside,59,0,0.458,0.795,0.00316,0.493,123.229
0ct6r3EGTcMLPtrXHDvVjc,The Nights,66,0,0.528,0.852,0.0181,0.656,126.012
69VrLPTdOduu3unsJfJN9H,Left Field,11,0,0.854,0.673,0.00268,0.238,127.01
5MnkhumYJRLvLdEzIqkfWy,"Wild One Two - feat. David Guetta, Nicky Romero & Sia",33,0,0.703,0.684,0.00164,0.222,126.027
5MA073FFuaaP8TB26zKCVh,Back To Love,38,0,0.601,0.843,0.00591,0.369,127.014
1XAQlg3R6XWvCgPYsxAWmy,The Home We Made Pt. II (Bonus Version),33,0,0.613,0.77,0.00639,0.32,129.967
56T1QA7202iW7fZes2PTUe,I Can't Stop Drinking About You - Chainsmokers Remix,66,0,0.637,0.664,0.0451,0.358,128.009
2U0pVx4m1Kdm1Gsjjm6iq8,Strangers,58,0,0.577,0.691,0.0134,0.489,129.984
0278f6vHdxZZ944DSpQcss,Embrace Me (Dirty South Remix) (feat. Urban Cone & Lucas Nord),34,0,0.678,0.669,0.0161,0.318,128.006
2MU2PKI25tg0PM7SSnxvka,Nothing Inside,32,0,0.412,0.737,0.0346,0.392,126.324
0tLknbTxOVQxJvbCzQ2PSZ,Still Here,37,0,0.838,0.429,0.032,0.235,133.914
2lXzgU19U9cSZLJtawjob6,Moar Ghosts 'n' Stuff,43,0,0.903,0.648,0.000105,0.355,128.014
6TwfdLbaxTKzQi3AgsZNzx,Daylight,51,0,0.658,0.651,0.00344,0.385,119.991
4RXpgGM7A4Hg7cFBoH5KyF,Hey Brother,67,0,0.537,0.777,0.0279,0.412,124.943
4e1V6XqJ0GbagtTaI6ytUS,Find You,55,0,0.532,0.792,0.027,0.381,127.989
6lbhkPbkKj6jnPTt1FelVo,Bullet Train (feat. Joni Fatora),62,0,0.546,0.703,0.00797,0.205,129.868
5i7fZq3chLyCHo3VeB6goD,First Of The Year (Equinox),67,0,0.429,0.948,0.00711,0.561,115.785
3ZffCQKLFLUvYM59XKLbVm,Wake Me Up When September Ends,73,1,0.546,0.814,0.023,0.133,104.98
3p1vmXEMvcESM36eFG8dUU,GString,34,1,0.569,0.891,0.0804,0.307,110.034
5e0dZqrrTaoj6AIL7VjnBM,Written in the Stars (feat. Eric Turner),45,1,0.656,0.941,0.0694,0.518,91.914
5M0DX04ViGG3T1NXiB9EOu,The Others (feat. KLP) - Nghtmre Remix,33,1,0.61,0.831,0.00604,0.43,102.001
1MwnqTZQR89Y0LOLMJUceN,Gold Love - feat. Rosie Oddie,31,1,0.468,0.907,0.00169,0.0379,108.738
45sDIKapDyxPl307QpEAwl,Rocketeer,57,1,0.666,0.819,0.166,0.413,95.999
2nLtzopw4rPReszdYBJU6h,Numb,76,1,0.496,0.863,0.0046,0.244,110.018
6AbVJjzv7thIvmMCuhZrmK,Make It Bun Dem,62,1,0.556,0.881,0.00119,0.336,104.973
1gAaRSN57UYVRI4eWRyAvP,Pushing Me Away,57,1,0.494,0.906,0.000444,0.306,103.121
5vlEg2fT4cFWAqU5QptIpQ,Replay,68,1,0.706,0.751,0.173,0.189,91.031
3cg5dbhXBqFyVfkLbpno9C,Random,37,1,0.577,0.792,0.00409,0.149,86.873
12rVL9zxkLUrInr6sg8gwX,Airplanes (feat. Hayley Williams),34,1,0.66,0.846,0.113,0.406,93.026
73xxwkPv3hR2v2Z3Yq8bM0,Mockingbird,41,1,0.63,0.671,0.211,0.225,83.437
24lMtPOCzP5g4hrg3NklLa,Just The Way You Are,25,1,0.637,0.843,0.0151,0.441,109.012
3jKK4kpTJEnTX5oQt0Hokj,Cantina Boys,34,1,0.637,0.963,0.139,0.402,105.055
60ceiIgn9hOThpY9yNWO8q,Playing In The Shadows,7,1,0.585,0.861,0.157,0.179,87.529
5k31cAfP8yymw8v0AYQIjr,Best Day Of My Life,19,1,0.672,0.901,0.0545,0.51,99.989
60a0Rd6pjrkxjPbaKzXjfq,In The End,79,1,0.553,0.9,0.0113,0.397,105.213
2Zb4HgZEvWfnBDGgC0Lnc0,The Calm - Album Version (Edited),28,2,0.466,0.629,0.81,0.25,160.122
1uIjVysHAMBXEr8Arx7tfT,Ave,47,2,0.587,0.0877,0.952,0.0842,159.801
6gLu0lGE1iuAhZaGIIi9dI,Treat Me Right,32,2,0.485,0.723,0.422,0.136,150.127
44nFlz3tVXesHRGuDvZfdD,02:09,53,2,0.347,0.246,0.984,0.0304,159.969
35Zv0HFPaXFfkZg32R84OH,Sweet Nothing - Diplo + Grandtheft Remix,46,2,0.401,0.956,0.308,0.25,140.058
57uX2vR9j9DNiANDYfXw1i,Never Say Never,67,2,0.23,0.492,0.568,0.254,160.139
187ugSczDNFxTFud4qyl3E,Lonely Star - Album Version (Edited),33,2,0.448,0.711,0.378,0.166,158.034
0Js9hB2I66nJliPIJxzn2R,Higher Ground,58,2,0.711,0.761,0.598,0.526,160.738
4FX6ZSi5Hcb4aOZarFlIxH,Space Bound,37,3,0.656,0.878,0.035,0.522,142.041
5KK05UNvYyH2QMyBlHGKtW,Roses - Zaxx Remix,11,3,0.677,0.881,0.00445,0.53,128.121
6jg5SRvdGxvJ0DzNV0UqEK,Please Don't Go,60,3,0.699,0.882,0.00296,0.633,120.016
1LEwexed2UkyzWa9nouvRW,Feeling So Blue - Album Mix,24,3,0.567,0.893,0.00172,0.743,128.013
5tXyNhNcsnn7HbcABntOSf,DJ Got Us Fallin' In Love,66,3,0.666,0.878,0.03,0.67,119.932
4IJUO9cdEvsHVDk52UZVHr,We Swarm,43,3,0.667,0.783,0.00584,0.394,115.004
6Ul1QbGgR9PqS9Sj2eci82,I Run This - Original Mix,38,3,0.706,0.899,0.00412,0.799,139.995
1KtD0xaLAikgIt5tPbteZQ,Thinking About You,67,3,0.725,0.874,0.00262,0.74,127.985
0kpMAq4SeMfl93tMqlCInk,Still Getting It,18,3,0.591,0.956,0.00556,0.656,140.062
1ghUWRA4BLzCVBpzJhbN0m,Karate - Original Mix,57,3,0.626,0.961,0.000407,0.624,128.009
5EYmoAWIbrnrSMMkfHpJ2t,Runaway (U & I) - Kaskade Remix,49,3,0.625,0.861,0.000939,0.443,125.963
34SeXRsXqAQPMCW9X1Gdzs,Keep Moving - Original Mix,21,3,0.585,0.89,0.00717,0.427,130.006
792NyTUEYZD6jPAARVD9s9,We Run The Night,47,3,0.687,0.866,0.00768,0.675,127.001
4bZd0nRuX8HyjeXAUBczvm,I Cry,60,3,0.693,0.822,0.00616,0.76,126.035
4CbKVDZkYKdv69I4bCaKUq,Hero,69,3,0.533,0.967,0.00791,0.786,142.018
40jr6hmQNFJFGjllxEFMPX,Lines in Wax (feat. Foreign Beggars),37,3,0.657,0.958,0.00187,0.695,139.993
6oP02i1hRc3Qp9bd36Ya3Z,Red Lights,50,3,0.654,0.811,0.000626,0.557,124.993
1aS1uzcAC14lduwuNJZjqE,Kknow Me,64,3,0.664,0.844,0.00635,0.525,142.056
5wd14CMjlqbSjibnpoTgla,Enigma (feat. GRRL PAL),55,3,0.631,0.909,0.00683,0.636,153.931
1M7ojZPMj1hoZfILxc9ttf,Make It Reign - Original Mix,33,3,0.719,0.942,0.00216,0.782,140.02
2TPEDo3bJrmhmDxB2Wi3Kw,Gold Dust (Flux Pavilion Remix),0,3,0.645,0.808,0.00173,0.754,144.82
2GjGyFLu2q3lQ128UgIY3w,Body Body - Ishe Remix,0,3,0.665,0.842,7.03e-05,0.62,140.01
0MyiW8Cp18ZMsZJfZhbuQ0,Feel This Moment,46,3,0.668,0.758,0.0338,0.514,135.958
20qsOjwLKHgY28t6CNTbMq,Ultra DJ's/Me & You - Spencer & Hill Remix,26,3,0.667,0.927,0.000346,0.666,129.99
3LK9g77hd41jzbGh1Etj44,Superbad,21,3,0.535,0.928,0.000241,0.613,139.937
4345xChUKIjeIyGPSYX6XA,Freaks,40,3,0.617,0.925,0.001,0.836,127.988
2KU0RHzEYq8GLwDTyimWGr,Core - Original Mix,57,3,0.532,0.949,0.00168,0.596,149.962
5yH1lUTtIVIQAtKpvIEM5J,Ghosts - Extended Mix,0,3,0.574,0.875,0.000351,0.516,127.994
5o9JV34izXSnaKVyMjaMdE,International Love,43,3,0.669,0.858,0.0113,0.624,120.027
4wkQmYpAaMe41Rc3sYZ7Vz,Let's Go,64,3,0.71,0.882,0.00777,0.858,128.016
1gihuPhrLraKYrJMAEONyc,Feel So Close - Radio Edit,75,3,0.707,0.924,0.000972,0.924,127.937
15iosIuxC3C53BgsM5Uggs,All Night,59,3,0.6,0.905,0.00274,0.626,124.032
2tdseeP2TePM98X6Jcwf1C,Don't Stop the Party,50,3,0.714,0.952,0.0073,0.958,127.008
3RuyJMim9bt3uhbAPd38xJ,The Show Goes On,42,3,0.625,0.856,0.0388,0.599,143.116
4RtI4NxSbTIxCMIjERsQ83,Higher,1,3,0.6,0.882,0.0345,0.743,149.037
1CdqVF1ywD0ZO1zXtB9yWa,Break Your Heart,58,3,0.663,0.892,0.00232,0.62,122.025
16Of7eeW44kt0a1M0nitHM,You Make Me Feel... - feat. Sabi,57,3,0.668,0.857,0.0191,0.746,131.959
0xcl9XT60Siji6CSG4y6nb,Club Can't Handle Me (feat. David Guetta),60,3,0.623,0.882,0.0205,0.523,127.98
7b71WsDLb8gG0cSyDTFAEW,Summer,26,3,0.603,0.861,0.0215,0.72,127.962
4uGucgzv0ydi35DgAlsTQ4,Jump (feat. Nelly Furtado),45,3,0.731,0.813,0.00439,0.509,130.028
0385HqYimoTQaHZP17KwG1,We Found Love,25,3,0.738,0.776,0.0234,0.628,127.984
3WtCu35qpzGCLIGa8pczdu,Colors - Audien Remix,66,3,0.631,0.886,0.0622,0.674,135.032
21tN4jr0QFNyin6YgO9jvm,Falling In,34,3,0.652,0.853,0.00133,0.523,122.724
6N9ZOtguCnnrvwH7zD82WJ,GDFR (feat. Sage The Gemini & Lookas),69,3,0.657,0.827,0.000704,0.698,145.889
149kdyQwLdqHBjXbbNS7FY,All I Ever Wanted,60,3,0.552,0.907,0.0525,0.57,126.995
4YDbInqb45jMFzloEAG531,Mind Control,6,3,0.629,0.895,0.00181,0.537,150.025
3cKuHj37BQXHQVjPplPqnd,Take U Out,45,4,0.507,0.795,0.0123,0.0662,159.989
2gGIKneJlUPPJEOjhufEb1,Interplanetary - Original Mix,39,4,0.557,0.971,0.0575,0.116,163.055
1hzOfODGyHGSmZxP8c9NEu,Rollup,30,4,0.644,0.855,0.0849,0.2,159.93
7IyXyFc3fxucKLIJF0ZSVF,Sing For The Moment,37,4,0.672,0.81,0.00166,0.18,164.039
3SxiAdI8dP9AaaEz1Z24mn,Earthquake - Full Version,58,4,0.541,0.856,0.11,0.261,153.066
2TZnblS38R5p6Ubn3b8YmB,Lockjaw,33,4,0.619,0.64,0.0448,0.243,170.068
33uuhMsavEjGWZ8of1dNIJ,Lose Yourself - Soundtrack Version,52,4,0.703,0.728,0.00509,0.0661,171.424
3VAQszqfFMuR7jJSpfwPsN,Bangladesh,24,4,0.525,0.929,0.00543,0.231,150.022
72lnxzSpy950mij59qCYXG,All I Do Is Win,38,4,0.543,0.774,0.0099,0.309,149.976
6XptOuDraarGwkisvMpZj5,Take Ü There (feat. Kiesza),48,4,0.542,0.879,0.0523,0.118,159.888
0NWQTyapmz4GuDTSN9xTB7,Candyman,66,4,0.573,0.875,0.0232,0.24,149.974
4IGN2WR0gGPKxCdlEsR7Wp,Valkyrie (feat. Laura Brehm),0,4,0.43,0.663,0.0172,0.191,173.973
6p4SUKhIyPqbmU828M0JWD,'Till I Collapse,46,4,0.559,0.84,0.0706,0.113,171.311
0hO7mCsdaqsOLhVQDArkbc,Been On,32,4,0.628,0.646,0.124,0.31,160.37
6bFLRvcOn4obBpHliIYeZJ,Further Away,1,4,0.442,0.648,0.00143,0.0944,174.931
100pCH9jeWJKKyK2sYtasx,Feeling Good - Bassnectar Remix,50,4,0.45,0.675,0.00157,0.212,159.95
1zzjHoGaWqtZoUhkqSxnhS,Reaching - Original Mix,38,4,0.549,0.974,0.0116,0.151,149.992
3CzOoYfw7mj5jMHGsJp9TG,I'm So Sick,57,4,0.434,0.961,8.45e-05,0.26,153.969
4Z1t1aMRif8ES212kTN8H2,Whole Heart,66,4,0.5,0.677,0.0427,0.208,163.951
3rHFo3c176QQnZ3Ucdbp21,Killin' It,49,4,0.514,0.909,0.00113,0.222,159.972
3ZFL7FPEcp5ltaffiI4dZx,All Deez,40,4,0.653,0.609,0.025,0.287,170.064
3HE50TVRquwXe9yv2HFoNL,Never Too Late,68,4,0.433,0.778,0.00838,0.205,149.864
3DDBSKvXiGEN4MiuqbJq34,Cutting Shapes,71,5,0.712,0.913,0.0249,0.565,125.901
23t5Og9w3EQvMWezXmUT5H,Yallah,46,5,0.791,0.928,0.011,0.529,144.954
1E89oHk8UPuf3TuqLgSmLe,Bet I (feat. T.I. & Playboy Tre),19,5,0.826,0.89,0.102,0.96,133.989
6vPJvkEuWZPcv58NnQ3dBR,Sweet Escape,53,5,0.571,0.846,0.0876,0.474,126.048
0ltBH1JNzSvQJPjJpvTu9B,Whistle,66,5,0.754,0.933,0.0199,0.735,103.992
2TkoUq8sPXmc4KYzKBiTWT,Rock N' Roll [Will Take You To The Mountain],52,5,0.713,0.971,0.00228,0.679,128.064
7kxM3UJwN6rHAW5kwdlAHK,Forgotten,57,5,0.626,0.942,0.0141,0.579,108.203
4hTxIV6k75MFWANXd6cE9c,Pop That,38,5,0.74,0.923,0.0759,0.584,138.026
4Li2WHPkuyCdtmokzW2007,Ni**as In Paris,76,5,0.788,0.859,0.127,0.765,140.027
7iT98FhZ7BAE8xdCxBlw55,Take Me Home (feat. Bebe Rexha),57,5,0.571,0.903,0.0615,0.466,127.951
2V65y3PX4DkRhy1djlxd9p,Don't You Worry Child (Radio Edit) [feat. John Martin],76,5,0.612,0.84,0.112,0.441,129.042
1Thv8uCYzyOFC7PME9J936,The Island - Pt. I (Dawn),57,5,0.578,0.893,6.15e-05,0.37,126.018
43B8RYTuBsUZOr5LwNMeYb,Supernova,23,5,0.826,0.94,0.000407,0.743,110.018
40MkEbKzuSW9ET6HBngqnK,Light It Up (feat. Nyla & Fuse ODG) [Remix],77,5,0.747,0.877,0.0375,0.763,107.991
33lXq3csEWwYNn6x0sM3Et,Something Better,58,5,0.561,0.837,0.0616,0.436,126.012
00fyh6rdq1MskrFcae4efz,Angels x Demons - Radio Edit,35,5,0.682,0.847,0.0536,0.514,127.968
2bJvI42r8EF3wxjOuDav4r,Time of Our Lives,77,5,0.72,0.802,0.0921,0.716,124.043
36cmM3MBMWWCFIiQ90U4J8,Bounce - Radio Edit,61,5,0.779,0.963,0.0334,0.756,127.941
6VRhkROS2SZHGlp0pxndbJ,Bangarang (feat. Sirah),72,5,0.716,0.972,0.0145,0.566,110.026
3NcO4jGK1Opb5ea0mYLpxb,Good Feeling,65,5,0.706,0.89,0.0588,0.671,128.011
1A3XPibNuMPTbTWlPgRfTD,All I Ask Of You (feat. Pennybirdrabbit),44,5,0.774,0.909,0.0173,0.699,126.977
4I04xFY8Zb2BtL9PJB83rP,I'm A Drum Machine - Radio Edit,2,5,0.779,0.976,0.000251,0.557,127.958
4DvcGIfGhBIGI9ND2V6U9i,Bubblehead,19,5,0.701,0.961,0.000246,0.553,128.079
5cj8mnNuhZ4KZhxjSLTrQi,Siren - Extended Mix,9,5,0.625,0.863,0.0997,0.423,126.026
6PtXobrqImYfnpIxNsJApa,Bad (feat. Vassy) - Radio Edit,67,5,0.614,0.972,0.00125,0.405,127.966
5Z7ygHQo02SUrFmcgpwsKW,Wild Ones (feat. Sia),65,5,0.624,0.889,0.101,0.457,127.019
687RRToOFAtpqZRzmbhGtu,The Devil's Den,55,5,0.616,0.946,0.00075,0.332,127.992
2U1uiiXgExCpPr4GhLGJMv,Take My Breath Away,68,5,0.544,0.899,0.0663,0.496,120.967
7H7SZzXnWlJPcsIv5uISXw,Slot Machine,20,5,0.794,0.959,0.0284,0.529,144.986
1Ngm5f21E4RjPPz63xzEVn,Loft Music - Album Version (Edited),36,6,0.291,0.493,0.57,0.0646,80.763
1G6VEHUpsHDNaV2l31Xmfu,Connect,29,6,0.44,0.477,0.444,0.468,74.963
1suVumj3iYT2crOD6PU5Dm,Echoes Of Silence,33,6,0.216,0.189,0.947,0.141,77.818
57kR5SniQIbsbVoIjjOUDa,You Know You Like It,69,7,0.426,0.722,0.0113,0.235,196.133
66TRwr5uJwPt15mfFkzhbi,Crank That (Soulja Boy),67,8,0.732,0.724,0.511,0.801,140.13
0BO1a9WQ1qCwORuIkFKjjC,A Word From Our Sponsor,31,8,0.699,0.461,0.816,0.698,128.447
2wIC3jqtTK78zQMdj1DRLu,Run,61,8,0.686,0.665,0.725,0.692,137.92
6GnhWMhgJb7uyiiPEiEkDA,Weekend (feat. Miguel),74,8,0.843,0.435,0.47,0.195,120.058
7IpDQcksaT8SxS7vOX4SRm,What You Need,64,8,0.679,0.403,0.508,0.0694,133.979
4wCmqSrbyCgxEXROQE6vtV,Somebody That I Used To Know,70,8,0.857,0.517,0.565,0.75,129.063
7fgvoTsYxp3e3gE0ELkYcs,I Am You,44,9,0.673,0.715,0.213,0.932,159.924
715hsmXdbYZxrmdJP9boMJ,Running Man Challenge Song,48,9,0.868,0.519,0.00732,0.844,130.093
7qAWdfgvuDJQlhjppYtAfA,Sail - Unlimited Gravity Remix,53,9,0.583,0.47,0.18,0.424,149.844
5ROgGNMqsh5n2Puz9Ezm8a,Ghosts - Hermitude Trapped In Heaven Remix,31,9,0.745,0.439,0.0674,0.807,150.049
6aCxdt2bMItKgGKoznDppY,"The Buzz (feat. Big K.R.I.T., Mataya & Young Tapz) - Bonus Track",60,9,0.576,0.602,0.248,0.57,141.345
7uSZPbd8DxdkmSauCKnITY,We Rise,67,9,0.747,0.491,0.197,0.817,145.034
6MDTpYxPFL0wtFd0pjfKws,Rhythm Of Love,58,9,0.531,0.542,0.356,0.73,171.878
2DPYlWl50ydYsnnuryL5aX,Cooler Than Me,57,9,0.837,0.515,0.103,0.766,129.001
5baEkEUsvAaRqteAPtlNdE,Crew Love - Album Version (Edited),38,9,0.406,0.545,0.302,0.374,160.298
7sapKrjDij2fpDVj0GxP66,She Will Be Loved,73,10,0.695,0.684,0.0593,0.528,102.041
0u06YF4jUgdV2WmWW04NHx,Time Of Your Song,50,10,0.722,0.776,0.09,0.555,77.992
7sUoGRGkDisk3qNAzugUxN,Dum Dum,39,10,0.787,0.81,0.0596,0.606,77.505
1teaQnt8eVGBy0DoLZJulu,Dicks out for Harambe (Remix) [feat. Baked Alaska],35,10,0.738,0.69,0.102,0.568,99.871
2mZ443lCnqMrXDq4BTPrmx,Look At Me Now,30,10,0.735,0.702,0.0499,0.566,72.998
5h9pB5af60LWJBrG1HCHsU,Heartless,15,10,0.787,0.635,0.0457,0.605,87.99
65pX1V69TGPSYKI8F76Nby,Stan,26,10,0.767,0.709,0.0391,0.495,80.014
2wkQT8QYhs1i8BwjuOzz4w,Bad Guy,28,10,0.605,0.789,0.0517,0.34,80.2
1U49kGdfMaoMSBWreMVWmK,Like Toy Soldiers,28,10,0.681,0.77,0.0192,0.397,82.057
3DRDBFh14bHqSttHxYJFF7,Little Too Close (feat. Veronika Redd),44,10,0.654,0.749,0.0313,0.354,94.989
4TsmezEQVSZNNPv5RJ65Ov,Pon de Replay,64,10,0.768,0.641,0.000228,0.474,98.974
37dtTlCf5Zwspc1zyDq5Xg,Comin’ In Hot,23,10,0.714,0.746,0.0211,0.437,96.013
0Dz49qemTOjX9RcPZzIl2q,Drive It Like You Stole It,45,10,0.608,0.68,0.106,0.424,85.962
4c9FIjxXYYEyD9iH02fvbu,Animus Vox,53,10,0.68,0.533,0.161,0.404,99.946
38xWaVFKaxZlMFvzNff2aW,Breakeven,68,10,0.63,0.698,0.173,0.518,94.023
18UhvUi9FjHtoTgnqX7kbl,Drop It Like It's Hot - Album Version (Edited),30,10,0.903,0.55,0.217,0.647,92.009
7JIuqL4ZqkpfGKQhYlrirs,The Only Exception,69,11,0.452,0.563,0.144,0.213,137.715
5ki3wKkrxiQNvv1HC49gXC,What If,34,11,0.59,0.534,0.136,0.178,129.639
1EgfPl1osFYIiERvafvNiT,Freeway,33,11,0.459,0.622,0.05,0.202,139.968
2KlZexJjJPuNWcN5uAG1GU,Gold (feat. Yuna),56,11,0.479,0.675,0.0319,0.18,145.022
664fvVG2C15AoBlbmpig3p,E.T. - Benny Benassi Radio Edit,38,11,0.534,0.633,0.05,0.175,136.038
692f5A4htpyLA4kQJzv75A,Jail Bait,33,11,0.56,0.509,0.000189,0.209,139.973
2ZnAlqhqOz4pzv9xhRbTkQ,Escape,29,11,0.464,0.689,0.0627,0.121,144.87
46F2qArLwz8WT1qJ2bNRfR,Youth - Adventure Club Remix,50,11,0.53,0.55,0.00747,0.21,139.98
5UjcApkWuX7xpURwJiq6pJ,Fortune Soul,43,11,0.514,0.662,0.0621,0.164,138.976
3mof6Z6vz6gonsuIEQXank,Limelight (NGHTMRE Remix),60,11,0.574,0.576,0.0579,0.285,145.094
3NLrRZoMF0Lx6zTlYqeIo4,Here Without You,67,11,0.536,0.55,0.0537,0.227,144.018
7owpI9kPFpz7qjIBfNC8F9,Sleepless - Original Mix,37,11,0.545,0.671,0.0343,0.0537,144.955
6Xi897JXNLSoIaoYZwgTLc,Dímelo,67,11,0.566,0.444,0.0522,0.169,146.991
5QjmOXFMKg9QOn9OWmkWDj,Embrace,46,11,0.627,0.591,0.0535,0.0713,139.998
7L605WhF5EGf34ggj87yK6,You And Me,64,11,0.461,0.446,0.1,0.35,139.868
0UCL4qy7w60uQGWUyEpdtw,Melodrama - Original Mix,12,11,0.482,0.506,0.00369,0.253,127.987
3Qc88IgLW3TrzCnt8sjagL,Steal Your Heart - Culture Code Remix,42,11,0.337,0.552,0.0613,0.196,137.031
1cQVQ3a5ivU9NVkr1nUvES,Ghosts 'n' Stuff - Nero Mix,36,11,0.491,0.536,0.000238,0.0571,139.998
2YfVXi6dTux0x8KkWeZdd3,Rain,47,11,0.516,0.545,0.146,0.204,130.026
4S1VYqwfkLit9mKVY3MXoo,Forever Young,68,12,0.489,0.483,0.42,0.334,136.822
5zggls08Fw43MEb2r9kSUW,The Zone - Album Version (Edited),37,12,0.608,0.525,0.275,0.267,139.978
0FsPxILNGMIKCb9OACFNt6,Hell & Back,65,12,0.597,0.545,0.339,0.347,134.043
25w1AJSBFa2UsVrvx5UMm3,I Mean It,39,12,0.716,0.56,0.12,0.147,139.852
1EzrEOXmMH3G43AXT1y7pA,I'm Yours,80,12,0.686,0.457,0.595,0.711,150.953
334S9SWZMjyRDN0wrHw7wk,Pop Style,72,12,0.721,0.461,0.173,0.0566,133.072
5R2ngnfqkY1MMF8Tt464aO,Opportunity Cost,33,12,0.672,0.405,0.438,0.287,144.167
4VKWf6nfvy6ipeDypQuGFm,Too Much,33,12,0.671,0.558,0.185,0.152,140.458
1cqnGwMySViy27OYfuKLvC,Valerie,33,12,0.634,0.543,0.325,0.426,147.985
0AjrdcjDF0nrsoTzOFdXUv,What They Want,25,12,0.827,0.419,0.448,0.457,140.062
4JNpKcFjVFYIzt1D95dmi0,Oh Miah,43,12,0.753,0.532,0.267,0.334,140.037
3pVYaDSQ4z0RIrxXQOzbR9,Headlines - Edited Version,44,12,0.669,0.532,0.381,0.434,152.0
1VpqFON7eeE13IbSbRJ8Ic,Get The Money,41,12,0.784,0.417,0.224,0.0391,159.983
4FXj4ZKMO2dSkqiAhV7L8t,Evil Beauty,52,12,0.652,0.581,0.337,0.459,139.982
3ZWPgfiiEbvYZluf9ad7hX,The Birds Pt. 2 - Album Version (Edited),33,13,0.3,0.529,0.755,0.0736,183.733
6acBIiTtlfNblQvEcZLLE1,Don't Stop,49,14,0.449,0.796,0.0821,0.0398,79.992
0lkpaeVSkxoHf2bEUB1XeS,Supligen,30,14,0.478,0.742,0.00143,0.231,64.995
4Xhmtwwgs2iqxa0s1fFjD1,The Pillars of Creation,0,14,0.478,0.93,0.00147,0.101,69.979
3VrI4JYoS75hyLPwG6Z9tn,Remember The Name (feat. Styles Of Beyond),38,15,0.687,0.805,0.0661,0.893,84.858
0TyOpxlWwDx98bjkIVHUgY,In My Head,59,15,0.762,0.748,0.0266,0.837,110.009
2fy3rYGfYeY24CDPtlQdPq,My Name Is,34,15,0.801,0.734,0.0613,0.806,85.712
6BtmXhTJMM9sBTHeYYASGz,It's Time,63,15,0.656,0.879,0.0178,0.902,104.997
6Knv6wdA0luoMUuuoYi2i1,My House,81,15,0.688,0.702,0.0215,0.731,94.006
56CShFBzzmlevmTIkXRCCr,Numb / Encore,41,15,0.684,0.787,0.0548,0.765,107.003
5ZrrXIYTvjXPKVQMjqaumR,Loud Pipes,61,15,0.718,0.703,0.109,0.86,87.975
6434Cyt3VkOxroedmysIHO,Assets,2,15,0.719,0.801,0.00116,0.839,100.03
1N62wozuHCvczCkY4QidpP,Over My Head (Cable Car),62,15,0.592,0.729,0.022,0.7,116.03
6Z8R6UsFuGXGtiIxiD8ISb,Safe And Sound,69,15,0.656,0.821,0.000194,0.773,117.948
2LYAG9jlH9rul11nalRxR0,Killer,50,15,0.644,0.84,0.153,0.937,99.936
4UuHWIkAWnN176A2rx7YFB,1985,67,15,0.607,0.878,0.000246,0.852,119.955
6OtCIsQZ64Vs1EbzztvAv4,Good Life,62,15,0.636,0.699,0.0929,0.642,94.966
0qOnSQQF0yzuPWsXrQ9paz,Stereo Hearts (feat. Adam Levine),70,15,0.646,0.795,0.0319,0.791,89.99
3yoNx32KYIWl6usnkZ7cBR,Doppler,10,16,0.442,0.892,0.00442,0.206,125.869
7vZek3NlVeucPxCZDUnsXP,All These Roads (feat. Zella Day and Sam Martin),37,16,0.492,0.836,0.00906,0.228,126.006
2ldAdghnrO34HPcZ0IWfTu,Ten Feet Tall,57,16,0.524,0.864,0.0388,0.349,126.954
7LGrlydlwonTN6iz8x5ASe,Dare You - Radio Edit,46,16,0.456,0.89,0.0169,0.182,127.894
1sZnQFDHBNr3BRa89NnKo9,Puzzles - Radio Edit,55,16,0.569,0.844,0.0189,0.256,125.036
4idXqwDDENjWPbkrEy1w47,High And Low,58,16,0.508,0.782,0.0193,0.287,126.917
6jOMH6cDBx6vT434E4FwDB,Set Yourself Free,42,16,0.499,0.892,0.000644,0.249,127.866
63wmAgmkYuzSL2Fg8GaGRy,Make Some Noise - Original Mix,25,16,0.635,0.784,0.000602,0.206,128.067
5JWpYWuGnK4Jy2KQpqRFRh,The Hardest Mistakes [Popkong Mix] [feat. Cassadee Pope],36,16,0.439,0.873,0.000544,0.175,124.963
3awfuEyFxNCnCAhklyu4kU,Written In Reverse,44,16,0.476,0.792,0.005,0.282,130.002
0TNeJWS27u6zKUFJ4HBHGH,One In A Million,30,16,0.601,0.832,0.0316,0.204,127.999
5pVMhGSj58c84fl3Pbcp1S,Llove (Dada Life Remix),28,16,0.582,0.908,0.00353,0.0673,127.932
092dz2yORKaJpC05ZlN9ME,Thunder - Original Mix,39,16,0.661,0.885,0.00655,0.23,127.936
5bw3ANysdLNdRl8wZfunVp,Last Chance,54,16,0.416,0.848,0.0632,0.172,127.905
2n2lLRax8VZpqysfKGHKZy,Lightning (feat. John Rzeznik),19,16,0.51,0.785,0.0284,0.159,129.068
77TT8Xvx637TpzV8kKGkUw,Titanium (feat. Sia),72,16,0.599,0.803,0.069,0.254,126.057
2hr7myxuDCoXsKyVfh4ue0,Do Or Die - Afrojack vs. THIRTY SECONDS TO MARS Remix,49,16,0.568,0.889,0.0348,0.201,128.03
69G9C5hpuaf6C3tNiWEalT,Romance In B Minor,15,16,0.587,0.816,0.00122,0.236,117.955
6eE5LWw0DpIbTOdKwDUoE8,Secrets - Radio Edit,66,16,0.662,0.81,0.00127,0.21,128.007
1Hg0gx6xMCZj5GiLUvWXHT,Say Nothing - Hardwell & Dannic Remix,33,16,0.528,0.77,0.000912,0.203,125.009
0jtAgYWV6XnDGdGZ1S8p69,Run Away,46,16,0.676,0.895,0.0287,0.106,124.958
3ziKJoRHiJsaoTaeBYCJBA,Doomsday,35,16,0.327,0.839,0.0003,0.138,120.116
1sesMhxAfFULBsdoX4DZar,Honors - Radio Mix,40,16,0.514,0.871,0.00367,0.0964,128.105
5vQIaNoKsT4xkG1j2KFBFs,Gold Skies,48,16,0.562,0.815,0.00426,0.203,128.02
7p9jHBSk1pOciORji5sPV8,Miracle,35,16,0.468,0.776,0.0064,0.217,127.982
5Sey3HgGa6KB46mlOyCClZ,Calling (Lose My Mind) - Radio Edit,55,16,0.412,0.871,0.0124,0.132,125.043
77pN4lbCtxyPOWp1iUGev4,H-Town Legends,33,16,0.663,0.828,0.00337,0.124,129.867
4BcFmLv7C3SmYaTVOukEom,Flashback,46,16,0.494,0.948,0.00207,0.188,127.994
2o1F0b0NCGabe7BbLNqe5J,No Beef,48,16,0.74,0.828,0.0194,0.227,127.969
4dSUq6XjY2Z7X3IdyR0Aig,Wildfire - Radio Edit,41,16,0.547,0.746,0.0111,0.115,127.988
2TcZ05FR0xQWZOaFWyRWUt,L'Amour Toujours - Tiësto Radio Edit,65,16,0.591,0.931,0.00763,0.174,129.975
4kpDB9E9RvdZs5lRgXayAx,You Used to Hold Me,46,16,0.628,0.97,0.022,0.172,128.97
4BHDBRF1AZsWUf2t7p2hoi,Nothing Can Hold Us Down,41,16,0.475,0.869,0.00148,0.17,127.965
7bxnKAamR3snQ1VGLuVfC1,City Of Lights - Official Radio Edit,39,16,0.428,0.922,0.0766,0.193,128.17
0WVv6KMRkZKMMqkcmcQJOK,Children of the Wild (feat. Mako),48,16,0.518,0.911,0.00148,0.126,128.014
4FFuWp6JTQdZK5a5G3GADX,You Used to Hold Me - Laidback Luke Remix,14,16,0.706,0.919,0.00278,0.04,129.027
54ZPmGE1uOG9IYoUBSRSp7,City Of Dreams - Radio Edit,55,16,0.476,0.815,0.0028,0.144,127.964
5RajHpEDFnsLHmTkBpye9M,Steal You Away - Radio Edit,32,16,0.555,0.746,0.0171,0.21,127.879
3rwdcyPQ37SSsf1loOpux9,Surrender,55,16,0.542,0.894,0.0236,0.289,127.947
48kF7W23OIcVBsNY5UesuQ,Drop That Low (When I Dip),69,16,0.579,0.896,0.00945,0.0911,125.672
1Dnax0nwAz46IyAnljAXkh,Love Again,38,16,0.564,0.889,0.0934,0.218,128.044
60wwxj6Dd9NJlirf84wr2c,Clarity,66,16,0.514,0.776,0.0371,0.208,127.975
4shgvM4ClrZeDiflNJwlGd,Sugar (feat. Wynter),51,16,0.738,0.868,0.0371,0.202,130.003
69mlHIPayAZVzC32RaVty5,Anchor,53,16,0.536,0.832,0.00768,0.155,130.069
3felG0BIvmmOoCIeE2A5vq,Tsunami - Original Mix,56,16,0.698,0.838,0.049,0.289,128.004
2zJZwWF7BTGIIvrAlgzJEx,Whatcha Say,64,17,0.615,0.711,0.0444,0.708,144.036
1mea3bSkSGXuIRvnydlB5b,Viva La Vida,76,17,0.485,0.619,0.0941,0.424,138.017
1oS15s7e3o4fJxpg9UR9ns,In For The Kill - Skrillex Remix,48,17,0.495,0.685,0.0684,0.52,144.845
592Ln8BTUH0wFK0jQZWZId,Playground [feat. Bugle & Arama],0,17,0.569,0.676,0.0917,0.784,140.886
5MclzrOnpzFu8NPhNVE3Cp,Some Kind Of Drug,40,17,0.507,0.518,0.0556,0.519,166.603
41pFyxOpS119Pb8JEzhx0w,"Boulevard Of Broken Dreams - feat. John Gallagher Jr., Rebecca Naomi Jones, Stark Sands, Company [Album Version]",63,17,0.417,0.647,0.0569,0.331,166.12
3KteDPcUSCl85cyDZiUBR5,Comin' Up,27,17,0.515,0.726,0.0773,0.739,171.724
4ME2s6l7VNi18wY7pgwbDE,Are We Happy Now?,0,17,0.465,0.675,0.0456,0.563,173.824
6jrMVRReY24qzCfe1BRrww,What You Know,67,17,0.556,0.763,0.000728,0.821,138.986
09ZcYBGFX16X8GMDrvqQwt,For the First Time,62,17,0.396,0.629,0.0328,0.364,173.794
14JJgiD5VDRpMOuTm9AE5J,The Drift,51,17,0.536,0.712,0.0649,0.704,155.966
0xMEF2WiqKWTIG7Krjungw,The Distance,62,17,0.463,0.749,0.00796,0.891,183.048
6ezyEFqZDgQUvxpaDv4jKO,Price Tag,22,18,0.638,0.846,0.0288,0.649,174.968
6U7VUPf8d3K1dY0UNMdDXS,Time Bomb (feat. Veela),38,18,0.336,0.81,0.000479,0.222,175.022
1uiwlmWedlNpzAxDSRGqdK,Lost in You,53,18,0.434,0.868,0.0199,0.371,162.969
0eYodayhfgKp2KZg42DpPo,Ice Cream Truck,23,18,0.376,0.803,9.45e-05,0.369,180.038
3xcv3R9LGJkprp0EOQvdNt,Everyday - Netsky Remix,3,18,0.327,0.933,0.000346,0.102,173.92
6pazDyDn0XF0te3wSjozhC,Hold On - Sub Focus Remix,0,18,0.382,0.928,0.00676,0.0571,173.975
7guLELDZkib65M4na9ZPIM,Endeavors - Original Mix,41,18,0.47,0.856,0.00104,0.263,170.039
1eJ8OO6hINoaczlMkQri9I,Mind Games,26,18,0.504,0.917,0.0796,0.341,174.016
5TtPEFYnYlzEbEsA5nHJYq,Run Riot - Sub Zero Remix,0,18,0.463,0.992,0.000221,0.185,175.05
5Vac8co5QPblcdlWbHSFsE,"Check Yes, Juliet",61,18,0.349,0.919,0.00415,0.295,166.916
6CLuXOJNHuLVAbhUP5XWFM,Faces,35,18,0.546,0.804,0.00183,0.38,174.149
4gMIZhJUOCjmQxo1fwhhnK,My Eyes,37,18,0.376,0.954,0.000129,0.034,174.045
29mwaZVWzTiVgou4ghU1xT,Dusk to Dawn,0,18,0.497,0.851,0.000298,0.261,175.004
7s239LkPiOKM5XGxgiYQpr,Out The Blue - Radio Edit,32,18,0.413,0.948,0.00758,0.342,174.067
64I0O6ZipYryKte1cHA2EY,End Credits,36,18,0.231,0.77,0.0101,0.105,175.064
7IfkJAmXR0DuUdbsgFj7ja,Kiss of Light,26,18,0.483,0.798,0.0225,0.456,170.034
7eElCunvkUumNjyatr1onM,Counting Stars - Remix,0,18,0.521,0.814,0.0329,0.407,179.389
4UwtMoKBvYi0mMbH2ZI3uB,That's All She Wrote (feat. Eminem),64,18,0.496,0.785,0.0328,0.341,170.02
2OXK1ShksXD51tOLsE0E7s,Tidal Wave,47,18,0.532,0.868,0.0502,0.509,173.948
1ti43ZT6bc4o1eGOSnBHkO,Speakerbox (feat. Lafa Taylor),61,18,0.507,0.934,0.00943,0.472,175.954
1CRESO4AuKm5B5Lqodk7t9,Frame of Mind,60,18,0.435,0.727,0.0424,0.403,174.992
5ami95W9OOWQPwrBb5tud5,Watercolour,58,18,0.421,0.896,0.000174,0.183,174.065
3eKoLbxkNhAINXr22jjv7E,Cutting Through,34,18,0.389,0.868,1.29e-05,0.23,175.071
0wlG1xpRozHe3jmIzK5Nhm,Show You - Original Mix,17,18,0.488,0.926,0.0161,0.346,174.992
0Z99qIN6Vur4XDCI6ez7A2,Lost in the Future,0,18,0.397,0.865,0.00513,0.225,173.954
5QxkroIQPiY8UKgSFFuYQd,We Go Down,46,18,0.545,0.927,0.011,0.416,171.816
7zbq8RT5Kd3ExOGVTiUQbR,Hot Like Sauce,51,19,0.707,0.615,0.00134,0.11,89.994
3E5XrOtqMAs7p2wKhwgOjf,Just Dance,62,19,0.818,0.732,0.0335,0.664,119.002
1pKYYY0dkg23sQQXi0Q5zN,Around The World,66,19,0.956,0.795,0.00356,0.84,121.294
0dbQ4h3cs8QE5fOPMYdDrX,Intoxicated - Radio Edit,62,19,0.792,0.688,0.00435,0.521,124.987
1xf12j2tbbtRLRgU7HBHPG,Far Alone,33,19,0.719,0.668,0.0716,0.338,98.001
0Y6Oy9zaBiikNI4mS3jfEp,Headcase,24,19,0.724,0.642,0.0159,0.0718,90.031
6zlOUIqcU6juXFww9UNpJK,Five Hours,14,19,0.88,0.821,0.0197,0.576,127.907
2zUwVdcaXijMUqLsp9BycM,Dum Dee Dum - JiKay Remix,52,19,0.781,0.854,0.0159,0.501,100.043
4KcVVhAaHxqtX2ANt4b3tc,Lean On,26,19,0.713,0.79,0.00339,0.302,98.011
7sm1xuahSGG5qFa9pFXWVs,Just Dance - RedOne Remix,39,19,0.893,0.812,0.0034,0.815,119.021
7n8eZAUj6vevNQZ0EF3OH0,Without Me,28,19,0.926,0.626,0.00301,0.663,112.246
11hqMWwX7sF3sOGdtijofF,One Dance,29,19,0.776,0.624,0.00849,0.349,103.987
6RpiAj9Ofv0Uqp6n2OuRoh,In The Ayer (feat. will.I.am),51,19,0.83,0.746,0.00456,0.652,125.992
5rb9QrpfcKFHM1EUbSIurX,Yeah!,76,19,0.894,0.791,0.0183,0.594,105.018
3zbnvxvqV5lL4Vq0FznWsX,Wop (Official Version),55,19,0.836,0.817,0.00968,0.658,112.007
3W0LmKIdN2ZiXljrbLgcjA,Bass I Love You,39,19,0.66,0.666,0.0191,0.0715,114.037
4XoQykhNqEIqlEA6CuwsqL,DJ Turn It Up,9,19,0.829,0.695,0.000956,0.36,102.018
0OBUji3zA8FmlabyfkHyLU,Midnight Run - Flux Pavilion Remix,37,20,0.481,0.974,0.000714,0.319,89.978
1CQi878MywIlm0FQfbCTvk,Headstrong,35,20,0.619,0.894,0.000176,0.517,92.393
60ZGteAEtPCnGE6zevgUcd,Mountain Sound,63,20,0.395,0.896,0.0513,0.35,101.867
1X1DWw2pcNZ8zSub3uhlNz,Hall of Fame,70,20,0.421,0.873,0.0653,0.639,84.803
3K4HG9evC7dg3N0R9cYqk4,One Step Closer,70,20,0.492,0.969,0.0014,0.534,95.136
7nBFCwnYqgmNOOS5PrTlfN,Fools Rhythm,39,20,0.589,0.82,0.000605,0.519,86.051
7LP4Es66zdY7CyjepqmvAg,Down,64,20,0.663,0.693,0.0149,0.696,66.002
6JfmjCGy7nYztlgmWrXdsE,TKO,54,20,0.544,0.995,0.00545,0.463,87.999
7ksYJ95P5vP87A0GH34CIk,Ridin' Solo,61,20,0.442,0.83,0.128,0.59,89.338
5JBH2osD5Y5AneMKPOfY1s,Blow Me Away - Soundtrack Version,55,20,0.533,0.957,0.000761,0.442,99.079
1CvCdoP0Dqx8qrdt2ZdMH6,When I'm Gone - Album Version (Edited),28,20,0.64,0.736,0.0502,0.739,75.159
487En8Tg4r6Na9wSOWyMEZ,Headphones,0,20,0.58,0.869,0.00661,0.555,90.018
6K4m7PJo8RiM1KZmgexYtg,Live Your Life - feat. Rihanna,32,20,0.434,0.861,0.0582,0.484,108.34
5LLTVSXK5qzEguVHcUNddw,Magic (feat. Rivers Cuomo),40,20,0.549,0.932,0.0127,0.782,82.439
12jQrKEmIjZ7WFETYRyqjk,Talkin’ 2 Myself,33,20,0.446,0.958,0.0836,0.479,88.544
3uHKcFj0kpC6F7HnZpgQ96,Little Moment,52,20,0.62,0.804,0.0507,0.576,87.094
39eP8XKgF9jchwi6cPIxPl,Legends (feat. Kalibwoy) - Original Mix,43,20,0.647,0.856,0.0225,0.667,75.0
27mhCGdAA8gM7b33KIiB3k,Cyclone,58,20,0.641,0.72,0.0102,0.574,77.969
3a2tuvXCHbW5nuUckuHkKT,Little Talks,69,20,0.46,0.786,0.0215,0.419,103.192
3DamFFqW32WihKkTVlwTYQ,Fireflies,67,20,0.591,0.649,0.0294,0.482,90.002
09ksjcoNRqa20lCyzNsKjB,Levels,18,21,0.661,0.716,0.00423,0.368,139.948
4khAZaVsqoaSZfnJNRv2Wi,Mad - Promo Version,17,21,0.2,0.732,1.51e-05,0.0328,139.98
363t9y4aYAZiDZiCfi5mql,Sierra Leone - Araabmuzik Remix,36,21,0.259,0.815,0.00409,0.458,138.281
6tuLr8B7NkM9qlhB9SG1Iz,Born - Original Mix,48,21,0.493,0.799,0.00171,0.196,141.012
2L7plRhGDguuuM9J1u5R7x,Need Your Heart (feat. Kai),48,21,0.41,0.712,0.00512,0.17,140.093
56lxsZRixIIQppROhHiVJF,Heartbeat (DMNDZ Remix) [feat. Collin McLoughlin],0,21,0.604,0.801,0.0155,0.236,139.996
1SCpAAw3towOivp0UoNiV1,In My Eyes - Original Mix,36,21,0.509,0.802,0.0194,0.218,140.108
3nPpCn5nYTMg0ajmzv57Jq,Lights - Bassnectar Remix,55,21,0.529,0.809,0.00422,0.325,140.006
1ShWHEgisDGPl9G3g85ANu,Breakn' A Sweat,57,21,0.596,0.921,0.0049,0.232,139.969
4rwpZEcnalkuhPyGkEdhu0,Scary Monsters And Nice Sprites,60,21,0.523,0.944,0.00336,0.32,139.997
2NTHksJm8uYdqBMQpfJA3g,Runnin' - Original Mix,29,21,0.396,0.826,0.000359,0.13,139.819
6gUJHd24J2X6iLSVTxUTnf,Blu - Original Mix,36,21,0.499,0.73,0.0094,0.258,142.026
2kDVDefTovXooa3OiLRR4H,Last Jungle,17,21,0.477,0.76,0.00152,0.0518,144.975
3GV1T0k3QDPKdZgdQUWiZc,Acrylics,39,21,0.632,0.845,0.00926,0.15,142.042
3pjQbv6ZZO0JX8A0opiBeU,Too Late,27,21,0.481,0.91,0.000997,0.358,145.053
36VsbiKzTGfjdZMyVos7b2,Give You Back Life (Swifty Song),34,21,0.591,0.805,4.76e-05,0.138,139.998
58qbTrCRGyjF9tnjvHDqAD,Relentless,44,21,0.585,0.736,0.00498,0.188,139.972
0GZrf19S4472ysky5ODe2c,Hush Now (501 Remix),36,21,0.558,0.816,0.0115,0.0767,140.179
4X3VVecJOhRO1TXThYNY2x,Raindrops - Flinch Remix,0,21,0.57,0.918,0.00579,0.467,140.039
5yQmKyKEdjtxFDPIK9mFLn,Rise & Fall (feat. Krewella),49,21,0.513,0.819,0.00224,0.445,140.055
6jNM6fKx3WnyHbWBI9hs2r,Cinema - Skrillex Remix,60,21,0.635,0.983,0.00901,0.422,145.085
0Q3SC6kEhxYagDP3bFe5K9,Keep It Mello (feat. Omar Linx),74,21,0.686,0.888,0.00134,0.114,142.015
19ayyJLKWE9fTMrDBPzsg8,Hot Pursuit - Dead Battery Remix,0,21,0.555,0.938,0.000855,0.165,140.019
04ZBBOl3AoCBY1A3CTKZLn,Promises - Skrillex & Nero Remix,30,21,0.533,0.835,0.00378,0.18,140.012
2bBpASy4X678fjVk5LQr9S,Intelligence - Original Mix,20,21,0.534,0.936,0.0279,0.289,140.026
7lA60IFzUokfaUExuh9WEN,Get It Now,17,21,0.625,0.878,0.000186,0.298,140.04
295nnPutAyvfXpVsfwJbga,Sweet Shop,35,21,0.592,0.886,0.00487,0.105,139.913
0nq0Uc8fH2KXrOvoDP9Ppz,I Don't Wanna Love You,45,21,0.54,0.658,0.0215,0.27,139.976
6BLOGv41SktD5DjhCcqwah,Truth (Dabin Remix),30,21,0.452,0.748,0.00762,0.183,140.059
1uy0MBpwxwAmNXbQZ197hK,Still With Me - Seven Lions Remix,47,21,0.242,0.881,0.0131,0.0629,137.946
3sSwdKGqxmpycfrRHY61Mf,Music in Me,27,21,0.474,0.939,4.52e-05,0.314,140.01
19MbwSLaYgAtyicNUMYYgl,Empathy,41,21,0.367,0.974,1.57e-05,0.304,139.945
4Qlkh3gmpXGqYhNt1JPmtq,Finger Trvp,0,21,0.714,0.952,0.000946,0.474,140.024
3k3DZvTCSD4HKvj26dQDk8,Jump Ya Body - Dub Mix,35,21,0.734,0.969,0.0372,0.226,140.024
0x4DtbOFqoVjKUKQwFVnfg,Bass Cannon,17,21,0.674,0.883,0.00179,0.0407,139.982
5Ws6jxX9qRFJHHsXN71RXI,Graduation,1,21,0.428,0.689,0.00315,0.0501,139.938
6CY8FegdChgsMU2EhKkXPy,Raise Your Weapon,0,21,0.507,0.696,0.0155,0.0679,139.973
2XKwzb0l1TIrOja0wgv3tT,Sometimes I Still Miss Her - Original Mix,22,21,0.629,0.668,0.000508,0.0969,139.995
2HN8Y2Mkp9xikxGR9VJXoa,Scatta - feat. Foreign Beggars & Bare Noize,46,21,0.618,0.928,0.0154,0.382,140.031
2Vq1ag1tOZIIUN2mH5WZa6,Oh No,28,21,0.518,0.892,0.000531,0.235,140.044
0fTFmyy8AwWHiRoDgTh80w,Vava Voom,44,21,0.537,0.97,0.000401,0.163,140.032
6MqW785UN5QF9UZ6ocL5s9,Jah No Partial (feat. Flux Pavilion),45,21,0.584,0.938,0.000501,0.39,139.993
03EuhmMsEHVFI9ytainStU,I Can't Stop,60,21,0.513,0.775,0.000672,0.211,139.932
61l4Cfs1gVrmrDNZuS5pez,Haunt You,36,21,0.525,0.887,0.00394,0.15,140.018
2WYkDJcSDSRoTWvylucBf4,In The Beginning,0,21,0.675,0.85,0.00655,0.0605,140.021
7lZni8yv8FMx7120C7uF1V,Exogenesis,33,21,0.559,0.915,0.00111,0.0531,140.081
2Aly0kBHnpKvRiKi0qSaNR,Bad Machine (feat. Insomnia) - Original Mix,41,21,0.606,0.824,0.000799,0.43,140.076
66YlQnuqDGTnWY8R0r6sEb,Dirty Sexy,0,21,0.565,0.857,0.00229,0.307,146.176
1uY4O332HuqLIcSSJlg4NX,A Reach For Glory,44,21,0.601,0.713,0.00154,0.223,140.015
0seqAc1hq6Rzbqhe75MNvr,Boomerang,33,21,0.392,0.845,1.2e-05,0.225,139.967
1rP3rr0EmciZN1Dm9Yelz7,AT2,12,21,0.563,0.941,0.00167,0.19,138.124
3ppoJQy0LRWhYE3WLi0c06,Hold On To Love - KillaGraham Remix,17,21,0.538,0.883,4.88e-05,0.147,139.827
6tzOconzD4bSDhoEs1d2vg,Who's Gonna Save Us - Original Mix,23,21,0.514,0.818,0.000419,0.196,142.056
56WVULdTfBLm31VzVHXKeV,One Trick Pony,39,21,0.684,0.679,0.000602,0.0967,140.139
1zknwaZrdR0Z3nvUbVFFEb,Reaching Out,35,21,0.448,0.85,0.000443,0.0893,139.977
4bs7bgxoxnkPAiuGM4rpcp,Promises (feat. Nessakay),30,21,0.476,0.737,0.0359,0.244,140.01
17Y9SoJ1xGkDfgU4yEatcv,Running All My Life,30,21,0.553,0.977,5.14e-05,0.483,139.992
4gjVjSHvFdzgOTEy2MloqU,The Music's Not Over,24,21,0.483,0.924,0.00735,0.443,140.014
0bLiYm0pTdsijVQoSKIeeM,When the Beats Drop,18,21,0.452,0.892,0.000781,0.254,140.008
28XFFzVPXs3kzXOERhz3wU,Turn Me On,26,21,0.477,0.846,0.00792,0.0786,139.999
4TYywuf1tdUdbEuDI1nqsg,Guilt,36,21,0.208,0.865,0.00603,0.148,139.992
5tGwVrXBhYGUIRQuQ1gvrQ,Ruffneck - FULL Flex,50,21,0.646,0.97,0.000244,0.334,140.145
2jqLbIM6WiNFtzwePhduS7,Where's My Money - Caspa Remix,25,21,0.794,0.805,0.0229,0.0899,140.013
2LGfcxG9LcDOxnltIPE1Zq,Shotgun,52,21,0.664,0.907,0.0129,0.231,144.956
3nylK2wvSiZ2ubVHDBRdqM,When I'm Gone (feat. Domonique Porter,0,21,0.467,0.867,0.00237,0.16,140.049
5pXXTubAeE6K72UH94kKzJ,Blue,3,21,0.399,0.63,0.00084,0.0377,139.98
3GLXFIHck82iqnWqhnm03n,Some Wobbles,33,21,0.581,0.799,0.00393,0.35,139.994
2QQYl5j1E90a1HlfuTY5Xf,Back to the Pump - Tropkillaz Remix,28,21,0.575,0.912,0.000241,0.273,140.015
5BGTfgBLQAhfFXIGSFsFz5,Hypest Hype,25,21,0.622,0.951,0.00144,0.512,140.091
3yzTHAsG7KsYbf4G9RfF5m,DIY,31,21,0.386,0.868,4.78e-05,0.0381,140.111
5GxnELiWZLV5v3mOglIlMP,The Hero - Original Mix,0,21,0.16,0.901,0.00158,0.457,139.988
4XCHizdk3YrzdveEOAGpob,Kill EVERYBODY - Bare Noize Remix,42,21,0.594,0.947,0.00133,0.377,140.043
5LovPZMS579wYfjuapGGHz,Vision,0,21,0.703,0.892,0.00305,0.227,139.958
4Rw8mKy2QVFYb3ZYnqBpPv,We Are The Sun - SAVOY Remix,13,21,0.374,0.892,0.000609,0.0915,139.971
2zur5fqnOPxukSi1YuoK5s,Keep on Dancing,28,21,0.558,0.86,0.000617,0.376,139.985
319WTcspJN65Lb27fVbjkc,Butterfly,44,21,0.33,0.632,0.00246,0.0395,140.0
12mGwph2YzDIlChtq3EdXP,Alone,80,21,0.636,0.953,0.0244,0.397,142.011
4umWM9ajmlpIOP5UnxTgnF,What,35,21,0.55,0.975,0.000258,0.322,139.957
3x94KfC5QAsqFKjUGQBH4k,You & Me (feat. W. Darling),55,21,0.495,0.743,0.000748,0.148,140.047
59qiaXIrZMvor2T7fkupLp,Get By,27,21,0.521,0.91,0.00506,0.197,140.004
4is6Z7ZZkQKxezliMAVah7,Standby,50,21,0.604,0.932,0.00687,0.308,140.108
1nNPLcueemE7gIoBqsYUTT,Lucid Truth,48,21,0.641,0.913,0.0402,0.342,139.978
1sYClIlZZsL6dVMVTxCYRm,City Lights,45,21,0.625,0.829,0.0155,0.387,140.133
1yFhsKboncOUUXhRAqcWd2,Vice,22,21,0.553,0.938,0.000276,0.0333,138.946
6Nr3yqX7OeSIlvuxCqxx2A,Voices - Markus Maximus TRAP Remix,2,21,0.642,0.771,0.0111,0.237,144.941
3krehk8mqui3G2AeotY0HV,Make My Whole World,22,21,0.641,0.95,5.83e-05,0.245,140.047
0hXHaInitAHX93BwakWT3k,Cozza Frenzy,34,21,0.521,0.961,0.000348,0.228,138.094
5gaZEkMg6D9QuOnmAVpYVX,The Great Divide - Seven Lions Dub Mix,19,21,0.49,0.739,0.00201,0.184,140.019
7oGLmbwmHDLz2v5jNjFuRX,Rise & Fall,0,21,0.459,0.903,0.00053,0.137,140.052
2AoML94KKYaZM5G15wYP82,Rescue Me (feat. Juliana Chahayed) - Original Mix,48,21,0.667,0.94,0.00209,0.293,134.994
5e4VwyOKgbNeUNxHbskYbA,Staxx - Original,24,21,0.516,0.979,0.00167,0.224,139.902
5dANgSy7v091dhiPnEXNrf,Put On,67,21,0.649,0.785,0.0027,0.285,137.618
6zcWUhRicjiDYvvLmRDjD6,Bulletproof,32,21,0.581,0.818,0.00128,0.3,140.004
3ln5b8DzOjoXHP5u89HYN1,Through The Night - Bare Noize Remix,19,21,0.515,0.865,6.5e-05,0.164,140.096
5S0z7MZEboNs1Zoima485G,Smash The Floor - Original Mix,24,21,0.712,0.764,0.000193,0.1,143.001
0mptj3TfqxEI36lkWHRCZc,Liquid Shards (Original) - Original,17,21,0.621,0.795,0.00296,0.144,140.086
5irnMDJew7e7vLpscN4ISq,All is Fair in Love and Trap,33,21,0.582,0.679,0.000569,0.292,139.993
05XsaFSfkfX1gp1B8McXen,Now (feat. Rye Rye),48,21,0.533,0.952,0.0246,0.515,140.035
2381zVF9gwq7dUvn3xPMIO,Rise (feat. Mona Moua) - Original Mix,28,21,0.442,0.803,0.0188,0.151,140.058
4efFlbKkwXq3rrMF5RODaI,Flashing Lights,30,21,0.537,0.802,0.0266,0.243,140.099
7wNtcpvxS7xU1apfK46bSD,Act Like You Know - Dubstep Mix,19,21,0.564,0.895,0.00473,0.157,139.933
4SI2dtAqzrNFze8JrSzl4o,Spaceman - Drown The Fish Remix,24,21,0.651,0.893,0.000316,0.294,139.946
2JPxMMWWLPz50bLqdfxgjg,Got 2 Know,43,21,0.659,0.757,0.0111,0.487,139.949
1GcaJ6MZs2UzWlhDCFNbMD,Red Step,30,21,0.686,0.98,0.000179,0.18,140.007
7gv0mCxWB0XPZOpw7NZr2N,Probable Cause,29,21,0.626,0.766,2.75e-05,0.331,140.013
2HFxvEw1uPkZ0vmfiNr9vZ,Heartbreak (Bare Noize Vocal Mix),23,21,0.533,0.914,0.00234,0.236,135.037
4RUJy97KUspD5KOV8CO1GV,Cracks - Flux Pavilion Remix,20,21,0.499,0.826,0.00095,0.416,140.007
2XbF32Nwvi5Kz7BRR4cIGz,Thundergun,19,21,0.527,0.846,4.76e-05,0.0631,140.008
5tq5d4HznUEVS8jYxxRiVe,Light It Up (feat. Heather Bright),0,21,0.358,0.77,0.00173,0.213,140.075
6hJSH3jS9jG6khVclppBJw,Till It Hurts,55,21,0.55,0.893,0.000654,0.288,144.982
2I0G8OVqgjLvY5fBC9Qc0J,Mountains and Molehills - feat. Turin Brakes,22,21,0.595,0.763,0.0105,0.038,139.983
5f6igUw1asUL4AGXSvgTW8,Levels - Skrillex Remix,53,21,0.615,0.91,0.00761,0.347,140.0
3gB0inHWfzACc0wjolOdpa,When I Look At You,0,21,0.547,0.737,0.00031,0.039,140.331
29CUH1oudJKhTZx1sWSRIu,Feel So Close - Nero Dub,12,21,0.218,0.701,0.000267,0.0551,139.971
0MCOr7zFLTxmtNmdY5NpS9,Dynamo - Oliver Twizt Trap Remix,7,21,0.568,0.773,0.00717,0.383,139.92
42JC7XjdRGOVOKOZK4tvcX,Crave You - Adventure Club Remix,31,21,0.624,0.728,0.0054,0.105,139.939
4oZNnBytvWrddsoaFPO4RD,Eyes on Fire - Zeds Dead RMX,7,21,0.567,0.725,0.00926,0.292,144.693
5F7FWI7P3jMzO3yCz0jELg,Hold Me Close,42,21,0.627,0.902,0.000537,0.0445,139.97
0Ix7doBgImhoWJfDnwezP1,Sunlight,48,21,0.356,0.795,0.000195,0.44,140.083
04OxTCLGgDKfO0MMA2lcxv,Blind Faith,40,21,0.454,0.854,0.00416,0.38,139.913
2ClWt2RN5FdNthxgR2VRDF,I Still Can't Stop,47,21,0.661,0.855,0.000847,0.137,140.02
7bTDpfwH9z5WSbgAQKwhc1,Ego Killer - Bassnectar & Timeline Remix,31,21,0.586,0.947,0.00163,0.129,140.069
59zAd7yrbjSpwKS8oP9RKc,To The Sky - Original Mix,25,21,0.505,0.868,4.71e-05,0.363,140.074
32umxnWHwaBbAebfg8qHE2,Daydreamer (feat. Example) - Extended Version,28,21,0.555,0.885,0.0033,0.443,141.343
34o2xJAVNTzoYN0o2Sd6sW,Big Boss,42,21,0.553,0.983,2.08e-05,0.0272,139.932
1LV5G400jD3Ytvyv6Dlkym,Right In,52,21,0.636,0.802,0.00631,0.334,139.815
4lV3dZCapT3CSrKFpPlAQX,Ghouls - Tha New Team Remix,31,21,0.481,0.87,0.000144,0.401,139.971
0BflAoJWDrnEkHbaO5KwXP,Stars Come Out - Terravita Remix,16,21,0.63,0.871,0.000569,0.458,139.988
0LbWbOs355EmIMIJPmkum5,Stronger On My Own,0,21,0.474,0.803,0.00314,0.363,139.972
0MHRDZ9sbEWl46lhK9lyN1,Dying feat. Ultraviolet Sound & Emily Hudson (Brown & Gammon Remix),0,21,0.639,0.688,0.000478,0.232,140.001
5r14W16ijoqLwf0cGBeIii,Twerk - Original Mix,27,21,0.324,0.844,0.00083,0.325,137.213
2XR1OHseXVG13XzFX4WFng,Midnight Terrain,42,22,0.659,0.448,0.34,0.267,75.018
5fohLPNqO6TqwrZ7BoUWUT,High For This,67,22,0.459,0.4,0.753,0.0681,74.953
0j55p8YRAPG8yajtNyjt6A,Hold You - Hold Yuh,65,22,0.69,0.621,0.321,0.479,66.858
1YDJ2f1JuKzYWZpRYiBYHu,If I Lose Myself - Alesso vs OneRepublic,49,23,0.516,0.79,0.249,0.136,126.007
143opsE9Bboqx6RskojZUa,Chiaroscuro,29,23,0.387,0.727,0.152,0.151,140.215
2q04AFjRX4GKTnFj2eUb5W,Fly Away,30,23,0.556,0.732,0.12,0.201,140.011
0crMum0BzSBoGK9lxXx26b,Sever the Ties (feat. Esther Sparkes),57,23,0.559,0.706,0.0322,0.305,150.05
6NdkzOSCLzmyV9Qc4DKhJ2,This Is What It Feels Like,59,23,0.551,0.827,0.109,0.171,129.899
4BTIG5pFipamu8bCjQXzIY,You - Brillz Remix,37,23,0.551,0.848,0.134,0.132,139.944
4IWLawtdMznqdOnbOR9cWW,Legacy - Radio Edit,54,23,0.586,0.706,0.0609,0.18,127.961
0v945WRZhamHsBBqbpW4LH,Days to Come,4,23,0.467,0.723,0.117,0.208,139.995
4jIzCryeLdBgE671gdQ6QD,Journey's End,46,23,0.628,0.744,0.0817,0.215,139.981
2bdR4MKUcVfaZtu6Kv7BXt,Freeway - Flux Pavilion and Kill The Noise Remix,47,23,0.573,0.746,0.0718,0.156,139.905
4G8gkOterJn0Ywt6uhqbhp,Radioactive,73,23,0.478,0.799,0.126,0.201,136.268
4ro2oMbKA5r5sS3oG1R37T,Let's Get Lost,43,23,0.666,0.673,0.102,0.196,117.942
2e2heYBbXWRsDsUtTIVIaF,As The Rush Comes - Gabriel & Dresden Chillout Mix,43,23,0.492,0.715,0.217,0.164,135.039
64HH8QusEYZYm3wZEplgn9,Can't Get Enough - Radio Edit,54,23,0.584,0.86,0.118,0.117,128.026
5IG2ks1wL6nm0efZGpRNPN,A Dream Within A Dream,44,23,0.606,0.774,0.103,0.149,119.962
3WyXP15dqzhKtfcjqX1vsj,Strange Behaviour - Original Mix,43,23,0.586,0.813,0.0631,0.336,139.711
2qJLp4SATqV1OP5IDN7SMl,Blackout,52,23,0.529,0.739,0.233,0.184,141.889
3myI1o0izYfh2z9JTQzCfJ,Don't Let Me Fall,51,23,0.543,0.73,0.00631,0.26,150.187
1q9siR3OqGFnTeqFxwzN1S,The Sweet Escape,41,24,0.756,0.786,0.201,0.743,119.962
7EAjG4SK1TpsZrtVnnGDsb,No Love,39,24,0.732,0.932,0.11,0.324,129.55
3fV2ZnSsxgvXUHshkGCBdR,Solo,54,24,0.73,0.728,0.197,0.693,130.061
2bLqfJjuC5syrsgDsZfGmn,The Way I Are,58,24,0.734,0.808,0.189,0.792,114.764
1ERCOXHQcoLSTlgmNTlcrR,2012 (It Ain't The End),44,24,0.718,0.801,0.226,0.546,127.016
4ka8vSI2HuSWsYBYcGcQof,Eat Sleep Rave Repeat - Remix,13,24,0.636,0.876,0.188,0.363,128.043
24LS4lQShWyixJ0ZrJXfJ5,Sweet Nothing,72,24,0.573,0.929,0.197,0.584,127.934
4fIWvT19w9PR0VVBuPYpWA,Haven't Met You Yet,67,24,0.615,0.733,0.152,0.803,122.58
7rv0UuxMX7CpUUwEE1jVrd,Beautiful,60,24,0.739,0.938,0.131,0.65,130.018
0htTZnlk6okQ1HIq4EvFQ6,Rebel,54,24,0.682,0.911,0.143,0.554,140.079
5BnJmtivM2I6a6KqRZTaqS,Prelude - Original Mix,26,24,0.798,0.858,0.184,0.367,128.022
3XWZ7PNB3ei50bTPzHhqA6,Sandstorm - Radio Edit,53,24,0.494,0.99,0.0936,0.645,136.363
7tf63j8xFrQz0hwtWsxVfA,Superior,20,24,0.592,0.985,0.133,0.0873,140.032
7MmG8p0F9N3C4AXdK6o6Eb,Outside,75,24,0.646,0.823,0.213,0.391,128.035
69oUjxmpalaTk74WVx8OXI,Midnight Run,25,24,0.546,0.83,0.157,0.521,135.011
68J8vrLOTrUUOzaPLtWOHi,Satisfaction - RL Grime Remix,44,24,0.783,0.999,0.129,0.125,145.02
0wYVNC09iLBVIqHB07Hckt,Ecstasy,51,24,0.658,0.878,0.135,0.908,130.009
5XmKJXidSzQC2aUk35oLyt,Count On Me,31,24,0.675,0.902,0.12,0.592,129.959
3QFbOgWOqXEtOD02FMcX7K,Give Me Everything,51,24,0.673,0.934,0.161,0.486,129.027
5MeZ3VxmtSv1O8PcekvLTn,Boom Boom Pow,62,24,0.868,0.848,0.151,0.345,130.115
37sINbJZcFdHFAsVNsPq1i,Superheroes,70,25,0.491,0.885,0.00219,0.624,166.992
714Lw0m2SmCEhKSPw0Dn8J,Welcome To My Life,57,25,0.421,0.858,0.0134,0.513,173.255
4w7RuuQAVP0JXlAom3z1aC,Wonderwall,56,25,0.41,0.893,0.000714,0.674,174.648
64yrDBpcdwEdNY9loyEGbX,21 Guns,72,25,0.268,0.742,0.0518,0.413,159.779
0SuTP5Ouag9wfROCsSYHaO,Make Up Your Mind - Original Mix,0,25,0.342,0.684,0.0931,0.479,138.779
3mcG2NI5G5vhrQtRda1YnA,The Middle,69,25,0.629,0.897,0.0424,0.931,161.944
4IoYz8XqqdowINzfRrFnhi,You Found Me,72,25,0.338,0.803,0.0187,0.398,151.994
6nTiIhLmQ3FWhvrGafw2zj,American Idiot,74,25,0.38,0.988,2.64e-05,0.777,186.113
1tSjFlsXMVAyjmMRGxj2Lc,Empire State Of Mind,0,25,0.476,0.956,0.0246,0.794,173.66
3UygY7qW2cvG9Llkay6i1i,Going Under,60,25,0.367,0.86,0.00744,0.463,175.021
2cAmsZQwOuWBFhdBr0Za9C,Donald Trump,45,25,0.641,0.911,0.0792,0.792,163.069
4DvhkX2ic4zWkQeWMwQ2qf,Like A G6,66,25,0.352,0.843,0.00738,0.716,165.29
6vrUTGn5p8IrfTZ0J6sIVM,Iris,76,25,0.291,0.79,0.00133,0.493,155.667
5eAEsCesAEVhOFh1jg0QH3,Magnetic Eyes - Extended DJ Mix,0,25,0.471,0.913,0.0381,0.681,173.956
2ZICF8SFI5tHttaLJKMY1X,False Pretense,59,25,0.509,0.93,0.00137,0.764,154.95
3Xn7SFjB5cLAQPKsVIBc2q,Yin Yang,43,25,0.427,0.892,0.0165,0.764,170.039
0nM7Kb7F9PvGB9W0mLbqlX,All I Want - Amended,13,25,0.366,0.852,0.000323,0.514,172.014
0c3yfC8zMRJGvmqphczhZb,Nothing,57,25,0.473,0.833,0.00369,0.517,157.012
0COqiPhxzoWICwFCS4eZcp,Bring Me To Life,70,26,0.316,0.945,0.00895,0.303,189.931
6gp3RHhdZlrPGaf5qcgFSg,Animals,48,26,0.279,0.75,0.000188,0.32,189.806
1Ntj0hZfncXCQ5hij7igIE,Demons,63,26,0.319,0.72,0.173,0.34,179.886
135LJjySt93VCJfg2eCdeI,Guns and Roses (feat. P!nk),19,26,0.273,0.857,0.0842,0.43,183.836
3ISYGHoYnu4gos6JNMfL4z,Shelter,79,26,0.276,0.796,0.00293,0.274,199.526
2AqGzt3g1L447rpkfqByiR,Who Knew,56,27,0.755,0.787,0.325,0.572,91.026
7tOqYtca4gJRg1qYZZ36Mc,Seduction,30,27,0.603,0.833,0.116,0.471,77.956
5gRqfNJ5C5jwA9kBOfedmm,Dysfunctional,0,27,0.782,0.835,0.281,0.536,80.014
51lw0kzOKi4K3uRGj7K5HK,Feel Stronger,0,27,0.162,0.869,0.000196,0.0498,95.167
16Ldvr8SKdenSlADkLsdYF,Billionaire (feat. Bruno Mars),32,27,0.597,0.752,0.266,0.579,86.685
2TUimpbq8y43PwOoRraDzq,Testarossa,29,27,0.364,0.841,0.00291,0.123,89.862
5ovKMrenMOvhyEcMWmLnZj,Tropicana,42,27,0.542,0.805,0.267,0.313,91.942
5bNmq4OYWW0biHGJp6MA55,Lord Knows - Album Version (Edited),32,27,0.358,0.877,0.0625,0.308,80.205
7dkajUeoUIlNCPOX7h6lEs,Gangsteppin,18,27,0.513,0.889,0.185,0.332,79.935
2wDz70kiUyVKNSusLt7CNL,Forever - Album Version (Edited),39,27,0.466,0.923,0.259,0.523,105.191
48s0QHJgmiNsth3WEO6U4M,Stop And Stare,58,27,0.488,0.862,0.0706,0.253,92.449
3BVAGwQGSiWXpIWx8QbMvP,Must Be The Feeling - Flux Pavilion & Nero Remix,35,27,0.286,0.92,0.00121,0.0429,104.986
4QRWA5UqYU1st9aO0UfxOj,Fade Away,68,27,0.488,0.774,0.263,0.522,74.893
0ZJDuC20QYwbXzHffx6N90,Fade (feat. Zak Waters),53,27,0.321,0.909,0.0117,0.0393,100.567
4kflIGfjdZJW4ot2ioixTB,Someone Like You,75,28,0.559,0.33,0.892,0.28,135.109
1wqBQgOX5ahKEDHF7bzsTC,Next,35,28,0.621,0.685,0.734,0.408,112.121
6Or2a4HxPTkZHeyqBnp2aY,Red Nose,24,28,0.827,0.517,0.479,0.717,97.563
2z3htsNRuhDN923ITatc56,Marvins Room,71,28,0.488,0.262,0.672,0.329,111.717
1NarGDteHRuDA9OfGyQ2MG,Hey There Delilah,57,28,0.624,0.28,0.861,0.272,105.087
7L96oyotFbLOxKAfywRczR,Machine Keys,64,28,0.646,0.205,0.99,0.298,120.009
4VZyqUe1h42DvYSlDFIiQP,Horizons - Original Mix,45,29,0.248,0.689,0.0029,0.278,85.976
7GDvbciPx1FfglvYxYRYaR,Mirror,36,29,0.369,0.637,0.875,0.335,79.421
5n5uyFpfopa4mNdSN0gTaH,Wing$,62,29,0.4,0.602,0.353,0.0983,74.142
0O5pYfp9enRuEqwz2b7afL,The Knowing,35,29,0.459,0.557,0.586,0.115,85.971
4g64deYSvQZ4w9uGpYz2sL,Fire,71,29,0.386,0.714,0.263,0.313,89.807
60QLAjwJuxY7WP6K6Rg3xD,These Things Happen,31,29,0.429,0.683,0.0593,0.389,87.041
7ceIquYtiTYlgSSm7PqUf9,Already Gone,53,29,0.209,0.872,0.217,0.292,78.139
3JA9Jsuxr4xgHXEawAdCp4,Just Can’t Get Enough,57,29,0.483,0.648,0.187,0.238,93.939
3utPGuiv05PqnGyJ5PlGLD,Slap Me - Candyland Remix,22,29,0.319,0.782,0.0321,0.299,81.767
5ZviStoVcABmBWDnjbDyor,Downtown Love,32,29,0.41,0.564,0.223,0.117,87.973
6Bm6qUCSatPAqkQllFL7oA,Unwell,54,29,0.256,0.788,0.0298,0.429,80.718
0aCsQvJk7VXZ6HCHfV5vtj,The Little Things - Kasbo Remix,59,29,0.485,0.614,0.213,0.228,85.027
15BlympuVSfZFROojEMY2M,Don't Let Me Down - Illenium Remix,72,29,0.428,0.656,0.0751,0.35,79.648
0nCZDQrlWA149QdGTdlsFU,One Day - New Album Version,59,29,0.346,0.61,0.198,0.237,68.552
4nP6jRqPZjFGDfBZpwxwh2,Our Story - Radio Edit,54,31,0.513,0.689,0.172,0.402,128.097
3ClGZphnWODHLfHYeXgSLy,Martyrs,33,31,0.583,0.523,0.149,0.0399,100.078
5QpaGzWp0hwB5faV8dkbAz,Wherever You Will Go,64,31,0.558,0.719,0.0367,0.367,112.027
7k9iVpyeR5ybSPSkvmAP6K,All Around Me,58,31,0.479,0.884,0.0338,0.447,146.922
3xozZw4YNCv777ONrbdHsy,Stay The Night - featuring Hayley Williams of Paramore,51,31,0.6,0.728,0.109,0.441,127.926
3VvBPkc24zC7x05mgJTyGO,Monody (feat. Laura Brehm),65,31,0.53,0.69,0.114,0.217,107.014
1NhPKVLsHhFUHIOZ32QnS2,Secrets,67,31,0.515,0.767,0.098,0.393,148.024
3GhntU8mCuMuW5NXHvaTOx,Air,32,31,0.48,0.913,0.0113,0.551,148.034
5jyUBKpmaH670zrXrE0wmO,Reload - Vocal Version / Radio Edit,56,31,0.487,0.722,0.0766,0.414,128.04
5nZ4TYZawJz8A9nHg2rLNS,All The Above [feat. T-Pain],27,31,0.373,0.886,0.0817,0.384,149.324
0nkzd3yNniB767zSDDdLZ3,Awake and Alive,65,31,0.434,0.939,0.0425,0.565,159.932
11bD1JtSjlIgKgZG2134DZ,Chasing Cars,71,31,0.557,0.609,0.193,0.17,104.01
1jal6YRW76PorNdDPkxLrp,Raindrops - Original Full Vocal Mix,0,31,0.416,0.782,0.127,0.418,140.034
5Xq4pohu7lgwVDTIoybFKR,Dark Horse (Dubstep Remix),14,31,0.536,0.779,0.0749,0.354,139.981
6Po0JDs8vPuZOCF7RLbtUE,Between Two Points (feat. Swan),49,31,0.528,0.685,0.133,0.233,121.971
4S73p2PcSonb5wbXIcanqv,The Hills,42,31,0.587,0.565,0.0646,0.14,112.908
1Nhpl3nS1C1Ognzy8q46dM,Monster Dubstep (feat. Meg & Dia),39,31,0.366,0.813,0.0795,0.297,139.852
3nzL5CIQiCEt6jRt1AlQ9d,Whatever It Takes,48,31,0.439,0.884,0.00678,0.503,150.049
18cCBvygH6yEFDY0cYN3wT,Divinity,59,32,0.496,0.549,0.00899,0.145,89.997
4YPhn26bIFm2KUkL1VLzQG,Say It Ain't So,66,32,0.635,0.435,0.00328,0.445,76.098
1zFl7vjNX3JJ3gQR2vM3LU,Some Chords,3,32,0.788,0.423,5.37e-05,0.392,128.009
5vNQTjsievC8vMywgQ0f15,Slave II,39,32,0.517,0.488,0.0181,0.128,90.591
3BBiaTLrwRlSkozCTFtrsT,Psychedelic Stereo,50,32,0.482,0.484,0.0013,0.158,84.019
00HFpTTjUHfMmJMZ6HiSHi,Midnight City - Man Without Country Remix,0,32,0.517,0.423,5.24e-05,0.111,105.045
1W24EoQxALLuoLDhJXVEOs,Tumblr Girls,41,32,0.663,0.406,0.104,0.305,121.966
5n4B6BvUcpbf2AyaPoyIdd,Wu-Tang Forever,30,32,0.786,0.404,0.0431,0.324,99.883
3y9lKPLnxPwtDjlZSmgvP4,Own It,34,32,0.65,0.351,0.0639,0.318,103.037
6i0V12jOa3mr6uu4WYhUBr,Heathens,91,32,0.732,0.396,0.0841,0.547,90.024
4lteJuSjb9Jt9W1W7PIU2U,Derezzed - Remixed by The Glitch Mob,47,32,0.514,0.524,0.0678,0.184,96.958
5PZN2lQL8IusNEc8L5BeeW,Lies,39,32,0.588,0.446,0.00702,0.11,120.019
3UgSQu6WwrXfKKDq019IHE,To Ü (feat. AlunaGeorge),69,33,0.485,0.928,0.134,0.362,160.165
1i1fxkWeaMmKEB4T7zqbzK,Don't Let Me Down,91,33,0.532,0.869,0.157,0.419,159.803
0gAvViUcru8Qsl40BS4SvH,Battle Scars,32,33,0.517,0.811,0.186,0.497,168.269
1wc971fXAVObXkpL8ZEqDT,Legacy,35,33,0.673,0.898,0.24,0.587,164.17
5Hfi7ZlAERXAvqmXUrVYa2,Wanna Lose You,48,33,0.55,0.794,0.101,0.463,159.923
4k5Rb51qsUSMFg6oFdVC48,Love The Way You Lie,44,33,0.638,0.935,0.227,0.651,173.928
0fGaSr02YXbdVmcy0PNtfW,Best I Ever Had,48,33,0.454,0.84,0.107,0.496,161.67
5BRrBkpj0An7PViNqMCoGa,Dum Dee Dum,60,33,0.755,0.891,0.273,0.517,160.021
5zz33Ev3mwKnpXI9IZ3a8K,Run This Town,0,33,0.509,0.92,0.279,0.441,173.564
0hkR93a0LriV2CQUhSXw3h,Lights Down Low,54,33,0.717,0.858,0.0694,0.688,155.41
5jPMcL5mNq82zfRVplSpxG,Brainless,27,33,0.71,0.938,0.166,0.573,172.032
6ZuS5RntipgpizPwjdQ86V,Coming Home,30,33,0.351,0.832,0.17,0.225,168.73
3G1Na74xxuAhiWLyXDPCFN,I Need A Doctor - Edited Version,33,33,0.586,0.93,0.108,0.483,156.024
3xIwnKhZxWxKcecqrfXBJj,The Drop,53,33,0.689,0.879,0.104,0.544,170.036
1qnJYRDhTV4GGMtbLTWtNR,I Remember - Strobelite Mix,46,34,0.672,0.57,0.0561,0.51,127.97
6Rb0ptOEjBjPPQUlQtQGbL,Hotel Room Service,59,34,0.851,0.629,0.00705,0.771,125.984
1sLEBnXrMKjozWSG5JjkYq,Fangz,0,34,0.687,0.599,0.122,0.485,144.075
6cTDc0I5USXKQ9APLLEiUL,Slasherr,44,34,0.702,0.74,0.00135,0.583,145.05
0CgmIFWtFN6uPnXzJ4cfYZ,Flexicution,42,34,0.778,0.689,0.06,0.659,159.98
7z73ehYAn9O1XP9XlCqVtd,Who Dat Girl - feat. Akon,56,34,0.719,0.616,0.00683,0.632,124.963
4avinp5hlc6W1wtAtqPaHH,Diesel Not Petrol,0,34,0.813,0.723,0.00989,0.652,139.997
4MzGM692jKGkNSQ7qzeTaJ,Fever,64,34,0.609,0.674,0.00378,0.744,127.541
3mtukCAgd0mE260QcBfXAX,Love Song,57,34,0.625,0.686,0.0154,0.542,139.817
2Vyny7HMXDxIw4NqqkViAn,Cleanin' Out My Closet,26,34,0.907,0.756,0.0816,0.901,148.017
6ApJN7sbsgAKwO29JbSLiK,Jumpman,48,34,0.859,0.563,0.0595,0.66,142.052
4MKzCHlZvkwJOQRNkdw4zq,Sexy Chick - feat. Akon,46,34,0.811,0.654,0.055,0.744,129.999
50ju2h9EUXaFB5f7ajOrfT,Piece of Me - JKAY Remix,30,34,0.752,0.658,0.00131,0.781,124.035
15zhoCCzmWbxLPtP5l6I6B,Sex Apeal (Max Farenthide Remix) (Feat. Mike W.),27,34,0.805,0.835,0.00278,0.948,130.036
7wAtUSgh6wN5ZmuPRRXHyL,Flesh and Bones,41,34,0.612,0.578,0.0544,0.486,139.998
0tJGzJjUVlEsn8s3Mn32Jb,Maps,54,34,0.737,0.723,0.0179,0.879,120.003
7dgBw1mnStvpia3BYkFIcK,Broken Box,0,34,0.778,0.648,0.0127,0.475,140.04
1fvD4tBLGypUG0Tg2nHHus,Evacuate the Dancefloor - Radio Edit,51,34,0.76,0.694,0.0195,0.896,127.009
1CznhEsRgvhCjT2aw0e6f1,Janky,32,34,0.809,0.67,0.0288,0.496,140.024
75Liz40xlgtL7H9vsDF9tW,Die Young REMIX,44,34,0.767,0.699,0.0355,0.659,127.995
20ST7nHN4H0VCNYOGanEqO,Whatever You Like,36,34,0.681,0.628,0.0289,0.497,150.02
395XEoHgVQ1r7YYZhOa76N,Ice Box,14,34,0.746,0.509,0.000549,0.371,149.922
2S4CfxZG29GZWwDeMtBq2R,I Just Wanna Run,54,34,0.669,0.667,0.00769,0.684,128.103
1OTAh8d1KFAFmEeS32b3Aj,How Low - Album Version (Edited),31,34,0.789,0.502,0.00318,0.36,143.912
1DqdF42leyFIzqNDv9CjId,Dynamite,68,34,0.75,0.78,0.00622,0.819,119.985
2b0S6dLLyTGot51JdoHNG9,Set Free (feat. Yael),37,34,0.776,0.783,0.00834,0.933,127.975
2EDLxm55ESkYQ1h0Isfwdv,Fake Love,51,34,0.924,0.526,0.0816,0.655,133.972
7lXCT5xxTVOJAu11FOF8PS,By Your Side,0,34,0.914,0.624,0.0866,0.626,150.034
6TVhP2a7ESba4pR5ePflRw,The Anthem,47,34,0.791,0.782,0.00446,0.902,123.975
2YMat1AJPpHKoJmwKRjkZn,No Biggie 2012 ft. Maggie,28,34,0.765,0.657,0.0281,0.699,128.014
5RzFJd6W40SDTyZkX6xx45,I Know You Want Me (Calle Ocho),69,34,0.82,0.731,0.0133,0.805,127.076
6nmz4imkDcmtwMjocAzFSx,Hotline Bling,23,34,0.896,0.623,0.00257,0.564,134.962
2kvYZwZtyps4eyzlue0RmC,Headstrung,21,34,0.815,0.714,0.00148,0.87,139.966
3dHC2M7GPFB0iNk64foCxj,Reasons feat. Andrew Allen,36,34,0.82,0.705,0.0412,0.81,127.983
1aF6jpITT6RzPxrYsZJeIm,"With You, Friends [Long Drive]",46,35,0.366,0.572,0.343,0.365,119.938
50cSs6d03KV85oKytBmin9,Piercing Light (feat. Mako),60,35,0.274,0.609,0.246,0.354,124.96
1NrJYpdAi7uosDRPmSYrsG,Apologize,68,35,0.59,0.731,0.334,0.502,117.996
1CHcv3ENgWTEkTUayOBShJ,Soundclash,46,35,0.686,0.969,0.214,0.805,155.003
591nHHHzZl1NLt9PMKpinM,I Could Be The One (Avicii Vs. Nicky Romero) - Nicktim / Radio Edit,60,35,0.509,0.79,0.325,0.606,127.946
54mXTdOfNN7YYma1iRW3WY,Axel F - Radio Mix,45,35,0.864,0.908,0.297,0.804,138.066
4rMNgxEwGWoPHIUcvB5BrB,It Will Rain,67,35,0.574,0.824,0.359,0.443,149.981
7JNtiT1CLAfy95gHRHE6WH,Really Got It,62,35,0.713,0.967,0.294,0.71,148.527
5Pr0TW20B5zyznKFlPzteu,Jackie Boy,42,35,0.391,0.78,0.354,0.458,144.834
5XRHGXut00SrJUFmcn2lQF,All The Right Moves,56,35,0.53,0.95,0.284,0.738,146.035
35DgXvG6UmY7t8Oo7Puiq7,Rap God,34,35,0.704,0.841,0.393,0.624,148.178
2ia7iiEtpiOL2ZVuWxBZGB,I Will Never Let You Down,62,35,0.753,0.801,0.403,0.787,128.011
500h8jAdr7LvzzXlm1qxtK,Magic,54,36,0.394,0.589,0.346,0.735,203.176
0cc9bwqbJ4Y3DsJr2GRAz3,Cinderella Man,42,37,0.644,0.915,0.218,0.664,85.999
0KpfYajJVVGgQ32Dby7e9i,"Hey, Soul Sister",74,37,0.675,0.885,0.217,0.775,97.03
5t5e19EoXJGGt3l6XNnRgx,Invitation (feat. Yade Lauren),65,37,0.598,0.842,0.0978,0.585,103.921
1j8z4TTjJ1YOdoFEDwJTQa,Ain't It Fun,69,37,0.61,0.893,0.154,0.666,104.031
05SBRd4fXgn8FX7bf8BCAE,I Need Your Love,71,37,0.695,0.869,0.41,0.572,124.989
2JXlRVBgLHqhfphmjXyVBZ,Not Afraid,45,37,0.857,0.948,0.497,0.67,114.656
59dLtGBS26x7kc0rHbaPrq,Nothin' On You (feat. Bruno Mars),64,37,0.688,0.853,0.386,0.734,103.993
0wpbWr0vI9mIV6WpO5CqPi,Buzzin,45,37,0.723,0.949,0.132,0.598,104.004
1RsJtLNkVbCIkE6bPPM1og,In Your Arms - Radio Edit,35,37,0.643,0.96,0.27,0.506,127.972
1kiAXXEYooMvsFWyYaDhof,Keep You Much Longer,46,37,0.713,0.945,0.148,0.568,120.016
1bAIb7gx8wiOyzDV5Uhlqb,On The Road,31,38,0.456,0.387,0.793,0.5,107.751
5VWVVSABdgccboSdrKGiZH,Fortune Days,57,39,0.598,0.67,0.383,0.188,104.964
5KmhARDh8FEU3Lj2UKYwqU,Monster (DotEXE Remix),60,39,0.645,0.741,0.288,0.414,139.914
5tRZJO2Tc3sxnPD1KiPka3,Animal,21,39,0.752,0.795,0.0794,0.415,140.017
5fVZC9GiM4e8vu99W0Xf6J,How to Save a Life,79,39,0.64,0.743,0.269,0.356,122.035
4gFh3BwE0uSu0noaPuYk89,Headlights,35,39,0.694,0.777,0.172,0.487,146.703
4QzEQf6b1RvlVtrqDEcfvB,Coming Down,35,39,0.672,0.602,0.404,0.26,120.971
0pSIJCxYqZNIZBTAnIXOkv,Lighters,32,39,0.628,0.659,0.328,0.154,89.703
0QkkjAMR31mR08oJCf5ZWb,Parallel Lines,3,39,0.573,0.664,0.672,0.16,95.003
2paLNiRPdyEiDa0es9kEsg,Twenty Eight,38,39,0.641,0.633,0.555,0.235,129.969
47c0P4sWcp9FIv5ryQZ5dr,The Morning - Album Version (Edited),40,39,0.657,0.559,0.33,0.192,120.055
1SbqxemPdwGlvmirtQVkCU,Summit (feat. Ellie Goulding),59,39,0.692,0.773,0.226,0.481,139.989
68ZdNEIJ1v0sb0JKlPA1Z3,Strobe - ATTLAS Remix,47,39,0.459,0.776,0.581,0.0397,124.004
0DAsxISzun85PbsqAfIzeC,Intro,68,39,0.617,0.778,0.459,0.15,100.363
15uFqHGAOvaGCqikvgiW6w,Sleepless - Radio Edit,63,39,0.722,0.635,0.141,0.532,123.999
4UlKjSANnauxHzIh2ePGlk,Slowly - Radio Edit,52,39,0.591,0.785,0.255,0.239,117.988
3nE2A8sGDAI2nzGSI8Rzd6,Same Old Song,35,39,0.746,0.565,0.387,0.352,109.959
4Musyaro0NM5Awx8b5c627,The Man Who Can't Be Moved,65,39,0.609,0.629,0.425,0.343,99.955
72np30cEzvqzxAUG5mrhyT,I Gotta Feeling,55,39,0.741,0.756,0.0803,0.603,127.963
0HnaqUxvHP5LaWdmWwJpiS,Love Somebody,57,39,0.675,0.764,0.142,0.477,120.009
2HrYDWxXQKIvOvwS293bX4,Ride It,49,39,0.749,0.702,0.159,0.357,130.051
0QwD6Dv9PdUKj2scIciAgu,River Flows in You - Dubstep Remix,27,39,0.74,0.642,0.242,0.395,130.002
